{
    "BoardSize": 10,
    "NumberOfSnakes": 9,
    "SnakesPosition":[
        {
            "StartPoint":62,
            "EndPoint": 5
        },
        {
            "StartPoint":33,
            "EndPoint": 6
        },
        {
            "StartPoint":49,
            "EndPoint": 9
        },
        {
            "StartPoint":88,
            "EndPoint": 16
        },
        {
            "StartPoint":41,
            "EndPoint": 20
        },
        {
            "StartPoint":56,
            "EndPoint": 53
        },
        {
            "StartPoint":98,
            "EndPoint": 64
        },
        {
            "StartPoint":93,
            "EndPoint": 73
        },
        {
            "StartPoint":95,
            "EndPoint": 75
        }
    ],
    "NumberOfLadders": 8,
    "LaddersPosition":[
        {
            "startPoint":2,
            "endPoint": 37
        },
        {
            "StartPoint":27,
            "EndPoint": 46
        },
        {
            "StartPoint":10,
            "EndPoint": 32
        },
        {
            "StartPoint":51,
            "EndPoint": 68
        },
        {
            "StartPoint":61,
            "EndPoint": 79
        },
        {
            "StartPoint":65,
            "EndPoint": 84
        },
        {
            "StartPoint":71,
            "EndPoint": 91
        },
        {
            "StartPoint":81,
            "EndPoint": 100
        }
    ],
    "NumberOfCrocodiles":3,
    "CrocodilesPosition":[7,15,47],
    "NumberOfMines":5,
    "MinesPosition":[10,25,40,55,70],
    "NumberOfDies": 2,
    "MovementStrategy": "SUM",
    "DiceEntry":"automated",
    "NumberOfPlayers": 2,
    "PlayersDetails":[
        {
            "Name" : "Gaurav",
            "StartingLocation": 0
        },
        {
            "Name" : "Sagar",
            "StartingLocation": 0
        }
    ]
}